Paquetes rcv,Tiempo instantaneo,Numero de paquete,Altitud BMP,Temperatura BMP ©,Presion mBar,Tension de la bateria V,Longitud,Latitud,Altitud GPS,Satelites GPS,Etapa de vuelo,GPS Hora,GPS Minutos,GPS Segundos,,,,
0,2073,0,2,50.23999786,988.7199707,7.980000019,9.991522789,-84.65306854,229.2999878,12,33,12,45,21.390625,,,, 
1,2073,1,2.359999895,50.21999741,988.6799927,7.980000019,9.991522789,-84.65306854,229.2999878,12,33,12,45,21.5,,,, 
2,2073,2,1.769999981,50.25,988.7399902,7.980000019,9.991522789,-84.65306854,229.2999878,12,33,12,45,21.59375,,,, 
3,2073,3,1.799999952,50.23999786,988.7399902,7.980000019,9.991522789,-84.65306854,229.2999878,12,33,12,45,21.703125,,,, 
4,2073,4,1.599999905,50.25,988.7599487,7.980000019,9.991522789,-84.65306854,229.2999878,12,33,12,45,21.796875,,,, 
5,2073,5,1.799999952,50.23999786,988.7399902,7.980000019,9.991522789,-84.65306854,229.2999878,12,33,12,45,21.921875,,,, 
6,2074,6,2.029999971,50.23999786,988.7099609,7.980000019,9.991522789,-84.65306854,229.2999878,12,33,12,45,22,,,, 
7,2074,7,1.669999981,50.25,988.7599487,7.980000019,9.991522789,-84.65306854,229.2999878,12,33,12,45,22.078125,,,, 
8,2074,8,2.059999943,50.23999786,988.7099609,7.980000019,9.991522789,-84.65306854,229.2999878,12,33,12,45,22.203125,,,, 
9,2074,9,1.769999981,50.25,988.7399902,7.980000019,9.991522789,-84.65306854,229.2999878,12,33,12,45,22.296875,,,, 
10,2074,10,2.159999847,50.23999786,988.6999512,7.980000019,9.991522789,-84.65306854,229.2999878,12,33,12,45,22.5,,,, 
11,2074,11,1.799999952,50.25,988.7399902,7.96999979,9.991522789,-84.65306854,229.2999878,12,33,12,45,22.59375,,,, 
12,2074,12,2.059999943,50.23999786,988.7099609,7.980000019,9.991522789,-84.65306854,229.2999878,12,33,12,45,22.703125,,,, 
13,2074,13,2.059999943,50.23999786,988.7099609,7.980000019,9.991522789,-84.65306854,229.2999878,12,33,12,45,22.796875,,,, 
14,2074,14,2,50.23999786,988.7199707,7.980000019,9.991522789,-84.65306854,229.2999878,12,33,12,45,22.921875,,,, 
15,2075,15,1.9,50.23999786,988.7299805,7.980000019,9.991522789,-84.65306854,229.2999878,12,33,12,45,23,,,, 
16,2075,16,2,50.25,988.7199707,7.980000019,9.991522789,-84.65306854,229.2999878,12,33,12,45,23.078125,,,, 
17,2075,17,1.639999962,50.25,988.7599487,7.980000019,9.991522789,-84.65306854,229.2999878,12,33,12,45,23.203125,,,, 
18,2075,18,2.329999924,50.23999786,988.6799927,7.980000019,9.991522789,-84.65306854,229.2999878,12,33,12,45,23.296875,,,, 
19,2075,19,2.129999876,50.23999786,988.6999512,7.980000019,9.991522789,-84.65306854,229.2999878,12,33,12,45,23.390625,,,, 
20,2075,20,1.799999952,50.23999786,988.7399902,7.980000019,9.991522789,-84.65306854,229.2999878,12,33,12,45,23.5,,,, 
21,2075,21,2.230000019,50.22999954,988.6900024,7.980000019,9.991522789,-84.65306854,229.2999878,12,33,12,45,23.59375,,,, 
22,2075,22,1.929999924,50.23999786,988.7299805,7.980000019,9.991522789,-84.65306854,229.2999878,12,33,12,45,23.796875,,,, 
23,2075,23,1.769999981,50.25,988.7399902,7.980000019,9.991522789,-84.65306854,229.2999878,12,33,12,45,23.921875,,,, 
24,2076,24,1.769999981,50.23999786,988.7399902,7.980000019,9.991522789,-84.65306854,229.2999878,12,33,12,45,24,,,, 
25,2076,25,1.959999943,50.23999786,988.7199707,7.980000019,9.991522789,-84.65306854,229.2999878,12,33,12,45,24.078125,,,, 
26,2076,26,2.029999971,50.22999954,988.7099609,7.980000019,9.991522789,-84.65306854,229.2999878,12,33,12,45,24.203125,,,, 
27,2076,27,1.439999962,50.25,988.7799683,7.980000019,9.991522789,-84.65306854,229.2999878,12,33,12,45,24.296875,,,, 
28,2076,28,2.129999876,50.23999786,988.6999512,7.980000019,9.991522789,-84.65306854,229.2999878,12,33,12,45,24.390625,,,, 
29,2076,29,2.159999847,50.22999954,988.6999512,7.980000019,9.991522789,-84.65306854,229.2999878,12,33,12,45,24.5,,,, 
30,2076,30,1.769999981,50.23999786,988.7399902,7.980000019,9.991522789,-84.65306854,229.2999878,12,33,12,45,24.59375,,,, 
31,2076,31,2.029999971,50.23999786,988.7099609,7.980000019,9.991522789,-84.65306854,229.2999878,12,33,12,45,24.703125,,,, 
32,2076,32,2.059999943,50.22999954,988.7099609,7.980000019,9.991522789,-84.65306854,229.2999878,12,33,12,45,24.796875,,,, 
33,2077,33,1.569999933,50.25,988.7699585,7.980000019,9.991522789,-84.65306854,229.2999878,12,33,12,45,24.921875,,,, 
34,2077,34,2.190000057,50.22999954,988.6900024,7.960000038,9.991522789,-84.65306854,229.2999878,12,33,12,45,25.078125,,,, 
35,2077,35,4.639999866,50.23999786,988.4099731,7.96999979,9.991522789,-84.65306854,229.2999878,12,33,12,45,25.203125,,,, 
36,2077,36,11.93999958,50.23999786,987.5499878,7.96999979,9.991522789,-84.65306854,229.2999878,12,33,12,45,25.296875,,,, 
37,2077,37,23.76999855,50.23999786,986.1699829,7.960000038,9.991522789,-84.65306854,229.2999878,12,33,12,45,25.390625,,,, 
38,2077,38,45.31999969,50.22999954,983.6499634,7.96999979,9.991522789,-84.65306854,229.2999878,12,33,12,45,25.5,,,, 
39,2077,39,65.80999756,50.22999954,981.2599487,7.96999979,9.991520882,-84.65309906,229.2999878,12,33,12,45,25.59375,,,, 
40,2077,40,75.80999756,50.22999954,980.0999756,7.96999979,9.991522789,-84.65309906,229.2999878,10,33,12,45,25.703125,,,, 
41,2077,41,88.18000031,50.21999741,978.6599731,7.960000038,9.991522789,-84.65309906,229.3999939,10,33,12,45,25.796875,,,, 
42,2077,42,106.2599945,50.21999741,976.5599976,7.96999979,9.991522789,-84.65309906,229.3999939,9,33,12,45,25.921875,,,, 
43,2078,43,119.159996,50.21999741,975.0599976,7.96999979,9.991522789,-84.65309906,229.3999939,11,33,12,45,26,,,, 
44,2078,44,124.7299957,50.20999908,974.4199829,7.96999979,9.99152565,-84.65309906,229.3999939,11,33,12,45,26.078125,,,, 
45,2078,45,132.7799988,50.20999908,973.4799805,7.96999979,9.991526604,-84.65309906,229.5999908,11,33,12,45,26.203125,,,, 
46,2078,46,138.1299896,50.20999908,972.8699951,7.96999979,9.991528511,-84.65309906,229.8999939,10,33,12,45,26.390625,,,, 
47,2078,47,142.3099976,50.20999908,972.3800049,7.96999979,9.99152565,-84.65309906,230.2999878,10,33,12,45,26.5,,,, 
48,2078,48,148.8600006,50.20999908,971.6199951,7.960000038,9.991526604,-84.65309906,230.5999908,9,33,12,45,26.59375,,,, 
49,2078,49,154.3199921,50.20999908,970.9899902,7.96999979,9.991528511,-84.65309906,231.0999908,9,33,12,45,26.703125,,,, 
50,2078,50,158.3099976,50.20999908,970.5299683,7.96999979,9.991533279,-84.65309906,231.6999969,9,33,12,45,26.796875,,,, 
51,2078,51,165.9100037,50.20999908,969.6599731,7.96999979,9.991535187,-84.65311432,232.0999908,7,33,12,45,26.921875,,,, 
52,2079,52,170,50.20999908,969.1799927,7.96999979,9.991535187,-84.65313721,232.5,7,33,12,45,27,,,, 
53,2079,53,177.3899994,50.21999741,968.3299561,7.960000038,9.99153614,-84.65313721,232.8999939,8,33,12,45,27.078125,,,, 
54,2079,54,184.5699921,50.21999741,967.5,7.96999979,9.991539955,-84.6531601,233.3999939,8,33,12,45,27.203125,,,, 
55,2079,55,188.269989,50.22999954,967.0799561,7.96999979,9.991531372,-84.65316772,233.5,8,33,12,45,27.296875,,,, 
56,2079,56,191.7899933,50.21999741,966.6699829,7.96999979,9.99152565,-84.65319061,233.6999969,8,33,12,45,27.390625,,,, 
57,2079,57,197.5699921,50.21999741,966.0099487,7.96999979,9.991555214,-84.6531601,236.8999939,10,33,12,45,27.5,,,, 
58,2079,58,203.1599884,50.22999954,965.3699951,7.96999979,9.991578102,-84.65313721,240.2999878,10,33,12,45,27.59375,,,, 
59,2079,59,207.6399994,50.22999954,964.8499756,7.96999979,9.991611481,-84.65311432,245.1999969,9,33,12,45,27.796875,,,, 
60,2079,60,211.9499969,50.23999786,964.3599854,7.96999979,9.991617203,-84.65313721,246,8,33,12,45,27.921875,,,, 
61,2080,61,216.5,50.23999786,963.8299561,7.96999979,9.991620064,-84.6531601,246.8999939,8,33,12,45,28,,,, 
62,2080,62,222.5899963,50.23999786,963.1300049,7.96999979,9.991624832,-84.65316772,247.1999969,8,33,12,45,28.078125,,,, 
63,2080,63,227.1100006,50.22999954,962.6199951,7.96999979,9.991629601,-84.65316772,247.8999939,8,33,12,45,28.203125,,,, 
64,2080,64,231.2299957,50.23999786,962.1399536,7.96999979,9.991635323,-84.65319061,248.3999939,8,33,12,45,28.296875,,,, 
65,2080,65,236.8499908,50.21999741,961.5,7.96999979,9.991640091,-84.65319824,248.8999939,8,33,12,45,28.390625,,,, 
66,2080,66,239.0499878,50.22999954,961.25,7.96999979,9.991646767,-84.65319824,249.2999878,8,33,12,45,28.5,,,, 
67,2080,67,244.5599976,50.25,960.6199951,7.96999979,9.991653442,-84.65319824,249.7999878,8,33,12,45,28.59375,,,, 
68,2080,68,249.2200012,50.23999786,960.0799561,7.96999979,9.991662025,-84.65322113,250.0999908,9,33,12,45,28.703125,,,, 
69,2080,69,252.7099915,50.25,959.6799927,7.96999979,9.991668701,-84.65322113,250.5,10,33,12,45,28.796875,,,, 
70,2081,70,255.5800018,50.25,959.3499756,7.96999979,9.991684914,-84.65322113,251.2999878,10,33,12,45,29,,,, 
71,2081,71,259.6999817,50.25,958.8800049,7.96999979,9.991693497,-84.65323639,251.6999969,9,33,12,45,29.078125,,,, 
72,2081,72,264.6000061,50.23999786,958.3200073,7.96999979,9.991701126,-84.65323639,252,9,33,12,45,29.203125,,,, 
73,2081,73,268.9700012,50.25,957.8200073,7.96999979,9.991710663,-84.65323639,252.3999939,9,33,12,45,29.296875,,,, 
74,2081,74,271.25,50.25,957.5599976,7.96999979,9.991719246,-84.65323639,252.6999969,9,33,12,45,29.390625,,,, 
75,2081,75,275.0700073,50.25,957.1300049,7.96999979,9.991729736,-84.65323639,253.1999969,8,33,12,45,29.5,,,, 
76,2081,76,277.9899902,50.25999832,956.789978,7.96999979,9.991740227,-84.65323639,253.6999969,8,33,12,45,29.59375,,,, 
77,2081,77,281.1699829,50.25,956.4299927,7.96999979,9.991751671,-84.65323639,254.0999908,8,33,12,45,29.703125,,,, 
78,2081,78,284.8999939,50.25,956.0099487,7.96999979,9.991761208,-84.65323639,254.5999908,8,33,12,45,29.796875,,,, 
79,2081,79,286.9100037,50.25999832,955.7799683,7.96999979,9.991771698,-84.65323639,255.0999908,9,33,12,45,29.921875,,,, 
80,2082,80,289.5799866,50.25,955.4699707,7.96999979,9.991781235,-84.65323639,255.5999908,9,33,12,45,30,,,, 
81,2082,81,292.9100037,50.25999832,955.0899658,7.96999979,9.991793633,-84.65323639,256,9,33,12,45,30.078125,,,, 
82,2082,82,296.5899963,50.22999954,954.6699829,7.96999979,9.991805077,-84.65323639,256.5,8,33,12,45,30.203125,,,, 
83,2082,83,298.3800049,50.25999832,954.4699707,7.96999979,9.991815567,-84.65323639,256.7999878,9,33,12,45,30.296875,,,, 
84,2082,84,300.8800049,50.25999832,954.1799927,7.96999979,9.991839409,-84.65323639,257.6999817,9,33,12,45,30.5,,,, 
85,2082,85,303.6300049,50.25,953.8699951,7.989999771,9.991851807,-84.65322113,258.1000061,9,33,12,45,30.59375,,,, 
86,2082,86,306.2099915,50.25,953.5799561,7.96999979,9.991865158,-84.65322113,258.3999939,10,33,12,45,30.703125,,,, 
87,2082,87,308.5,50.25999832,953.3200073,7.96999979,9.991876602,-84.65322113,258.8999939,9,33,12,45,30.796875,,,, 
88,2082,88,311.0099792,50.25999832,953.0299683,7.96999979,9.991890907,-84.65322113,259.1999817,10,33,12,45,30.921875,,,, 
89,2083,89,314.2200012,50.23999786,952.6699829,7.96999979,9.991901398,-84.65322113,259.5,10,33,12,45,31,,,, 
90,2083,90,315.019989,50.25999832,952.5700073,7.96999979,9.991912842,-84.65322113,259.7999878,10,33,12,45,31.078125,,,, 
91,2083,91,317.3699951,50.25999832,952.3099976,7.96999979,9.991927147,-84.65319824,260.1000061,11,33,12,45,31.203125,,,, 
92,2083,92,318.4899902,50.25999832,952.1799927,7.96999979,9.991940498,-84.65319824,260.3999939,11,33,12,45,31.296875,,,, 
93,2083,93,319.75,50.25999832,952.039978,7.96999979,9.99195385,-84.65319824,260.6999817,11,33,12,45,31.390625,,,, 
94,2083,94,322.0599976,50.25999832,951.7699585,7.96999979,9.991967201,-84.65319824,261,11,33,12,45,31.5,,,, 
95,2083,95,323.1099854,50.25999832,951.6499634,7.96999979,9.991979599,-84.65319061,261.2999878,11,33,12,45,31.59375,,,, 
96,2083,96,323.8999939,50.25999832,951.5700073,7.96999979,9.99200058,-84.65316772,262.5,11,33,12,45,31.703125,,,, 
97,2083,97,326.9899902,50.25999832,951.2099609,7.96999979,9.992026329,-84.6531601,263.7999878,11,33,12,45,31.796875,,,, 
98,2084,98,328.1600037,50.27000046,951.0799561,7.96999979,9.992041588,-84.6531601,264.1000061,11,33,12,45,31.921875,,,, 
99,2084,99,329.5899963,50.27000046,950.9199829,7.96999979,9.992068291,-84.6531601,264.5,11,33,12,45,32.078125,,,, 
100,2084,100,329.6199951,50.25999832,950.9199829,7.96999979,9.992068291,-84.6531601,264.5,11,33,12,45,32.078125,,,, 
101,2084,101,331.2200012,50.25999832,950.7299805,7.96999979,9.992096901,-84.65313721,264.8999939,11,33,12,45,32.296875,,,, 
102,2084,102,331.7399902,50.27000046,950.6699829,7.96999979,9.992115974,-84.65313721,265.3999939,11,33,12,45,32.390625,,,, 
103,2084,103,332.3200073,50.27000046,950.6099854,7.96999979,9.992115974,-84.65313721,265.3999939,11,33,12,45,32.390625,,,, 
104,2084,104,334.0499878,50.25999832,950.4099731,7.96999979,9.992157936,-84.65309906,266.5,11,33,12,45,32.59375,,,, 
105,2084,105,334.4899902,50.25999832,950.3599854,7.96999979,9.992183685,-84.65309906,267.2999878,11,33,12,45,32.703125,,,, 
106,2084,106,334.6300049,50.27000046,950.3499756,7.96999979,9.992207527,-84.65306854,268.3999939,11,33,12,45,32.796875,,,, 
107,2085,107,335.2399902,50.25999832,950.2799683,7.960000038,9.992231369,-84.65303802,269.5,11,33,12,45,32.921875,,,, 
108,2085,108,335.5899963,50.27000046,950.2399902,7.96999979,9.992231369,-84.65303802,269.5,11,33,12,45,32.921875,,,, 
109,2085,109,335.9599915,50.27000046,950.1999512,7.96999979,9.992282867,-84.6530304,270.8999939,11,33,12,45,33.203125,,,, 
110,2085,110,335.5299988,50.27999878,950.2399902,7.96999979,9.992306709,-84.65299988,271.6999817,11,33,12,45,33.296875,,,, 
111,2085,111,336.0299988,50.27000046,950.1900024,7.96999979,9.99232769,-84.65299225,272.5,9,33,12,45,33.390625,,,, 
112,2085,112,336.3699951,50.25999832,950.1499634,7.96999979,9.992350578,-84.65297699,273.2999878,10,33,12,45,33.5,,,, 
113,2085,113,336,50.27000046,950.1900024,7.96999979,9.992371559,-84.65296173,274.1000061,12,33,12,45,33.59375,,,, 
114,2085,114,336.019989,50.25999832,950.1900024,7.96999979,9.99239254,-84.65294647,274.6999817,12,33,12,45,33.703125,,,, 
115,2085,115,336.3599854,50.25999832,950.1499634,7.96999979,9.992413521,-84.65293121,275.1000061,12,33,12,45,33.796875,,,, 
116,2085,116,335.4599915,50.27000046,950.25,7.96999979,9.992433548,-84.65293121,275.3999939,12,33,12,45,33.921875,,,, 
117,2086,117,335.519989,50.27000046,950.25,7.96999979,9.992462158,-84.6529007,277.7999878,12,33,12,45,34,,,, 
118,2086,118,335.519989,50.27000046,950.25,7.96999979,9.992483139,-84.6529007,279,12,33,12,45,34.078125,,,, 
119,2086,119,334.8800049,50.27000046,950.3200073,7.96999979,9.992499352,-84.65287781,279.2999878,12,33,12,45,34.203125,,,, 
120,2086,120,334.3299866,50.27000046,950.3800049,7.96999979,9.992521286,-84.65285492,279.7999878,12,33,12,45,34.296875,,,, 
121,2086,121,333.3399963,50.27000046,950.4899902,7.96999979,9.992521286,-84.65285492,279.7999878,12,33,12,45,34.296875,,,, 
122,2086,122,331.75,50.27999878,950.6699829,7.96999979,9.992556572,-84.65284729,280.1999817,12,33,12,45,34.5,,,, 
123,2086,123,330.8200073,50.27000046,950.7799683,7.96999979,9.992598534,-84.6528244,280.7999878,12,33,12,45,34.703125,,,, 
124,2086,124,329.5899963,50.27000046,950.9199829,7.96999979,9.992598534,-84.6528244,280.7999878,12,33,12,45,34.703125,,,, 
125,2086,125,329.519989,50.25999832,950.9299927,7.960000038,9.992658615,-84.65277863,286.3999939,12,33,12,45,34.921875,,,, 
126,2087,126,328.769989,50.25999832,951.0099487,7.96999979,0,0,0,0,33,12,45,35.078125,,,, 
127,2087,127,326.8299866,50.25999832,951.2299805,7.96999979,0,0,0,0,33,12,45,35.203125,,,, 
128,2087,128,325.3800049,50.27999878,951.3999634,7.96999979,0,0,0,0,33,12,45,35.296875,,,, 
129,2087,129,323.9799805,50.27000046,951.5599976,7.96999979,9.992739677,-84.65274811,288.1999817,3,33,12,45,35.390625,,,, 
130,2087,130,322.9299927,50.27000046,951.6799927,7.96999979,9.992739677,-84.65274811,288.1999817,3,33,12,45,35.390625,,,, 
131,2087,131,320.9499817,50.27000046,951.8999634,7.96999979,9.992778778,-84.65273285,291.2999878,9,33,12,45,35.5,,,, 
132,2087,132,319.1900024,50.2899971,952.0999756,7.96999979,9.99281311,-84.65270996,293.6000061,11,33,12,45,35.59375,,,, 
133,2087,133,316.7999878,50.27000046,952.3699951,7.96999979,9.993178368,-84.65254211,341.6000061,12,33,12,45,35.796875,,,, 
134,2087,134,317.0700073,50.27000046,952.3399658,7.96999979,9.993178368,-84.65254211,341.6000061,12,33,12,45,35.796875,,,, 
135,2088,135,315.1799927,50.2899971,952.5599976,7.96999979,9.993268967,-84.65246582,341.6000061,12,33,12,45,36,,,, 
136,2088,136,312.4599915,50.2899971,952.8699951,7.96999979,9.99329567,-84.6524353,341.1000061,12,33,12,45,36.078125,,,, 
137,2088,137,311.269989,50.2899971,953,7.96999979,9.993305206,-84.65242767,339.5,12,33,12,45,36.203125,,,, 
138,2088,138,308.5799866,50.27000046,953.3099976,7.96999979,9.993350983,-84.65245819,341.5,12,33,12,45,36.296875,,,, 
139,2088,139,305.9299927,50.27999878,953.6099854,7.96999979,9.99336338,-84.65245819,340,12,33,12,45,36.390625,,,, 
140,2088,140,303.2200012,50.2899971,953.9199829,7.96999979,9.993383408,-84.65246582,339.1000061,12,33,12,45,36.5,,,, 
141,2088,141,300.2599792,50.2899971,954.25,7.96999979,9.993425369,-84.65246582,348.7999878,12,33,12,45,36.59375,,,, 
142,2088,142,298.25,50.27999878,954.4799805,7.96999979,9.993447304,-84.65245819,360.2999878,12,33,12,45,36.703125,,,, 
143,2088,143,296.2099915,50.27000046,954.7199707,7.96999979,9.993463516,-84.65245819,367.6999817,12,33,12,45,36.796875,,,, 
144,2089,144,293.019989,50.27000046,955.0799561,7.96999979,9.993475914,-84.65245819,373.8999939,12,33,12,45,36.921875,,,, 
145,2089,145,289.6999817,50.27999878,955.4599609,7.96999979,9.993488312,-84.65245819,379.1999817,12,33,12,45,37,,,, 
146,2089,146,286.9499817,50.27000046,955.7699585,7.96999979,9.993508339,-84.6524353,385.6999817,12,33,12,45,37.203125,,,, 
147,2089,147,284.2099915,50.27999878,956.0799561,7.96999979,9.993519783,-84.65245819,389.5,12,33,12,45,37.296875,,,, 
148,2089,148,280.9299927,50.2899971,956.4599609,7.96999979,9.993533134,-84.65245819,393.6000061,12,33,12,45,37.390625,,,, 
149,2089,149,278.4299927,50.25999832,956.7399902,7.96999979,9.993540764,-84.65245819,400.2999878,12,33,12,45,37.5,,,, 
150,2089,150,274.9899902,50.27999878,957.1399536,7.96999979,9.993546486,-84.65245819,406.6000061,12,33,12,45,37.59375,,,, 
151,2089,151,278.9599915,50.27999878,956.6799927,7.960000038,9.993549347,-84.65245819,412.8999939,12,33,12,45,37.703125,,,, 
152,2089,152,287.7099915,50.2899971,955.6900024,7.960000038,9.993556976,-84.65245819,418.2999878,12,33,12,45,37.796875,,,, 
153,2089,153,289.6799927,50.2899971,955.4599609,7.960000038,9.993564606,-84.65245819,421.3999939,12,33,12,45,37.921875,,,, 
154,2090,154,295.4400024,50.2899971,954.7999878,7.960000038,9.993570328,-84.65245819,424.5,12,33,12,45,38,,,, 
155,2090,155,244.9899902,50.27000046,960.5700073,7.929999828,9.993577957,-84.6524353,426.5,12,33,12,45,38.078125,,,, 
156,2090,156,239.1100006,50.27000046,961.2399902,7.929999828,9.993588448,-84.6524353,427.5,12,33,12,45,38.203125,,,, 
157,2090,157,241.2299957,50.27000046,961,7.929999828,9.993601799,-84.6524353,428.2999878,12,33,12,45,38.296875,,,, 
158,2090,158,244.8399963,50.25999832,960.5799561,7.929999828,9.993626595,-84.6524353,429.3999939,12,33,12,45,38.5,,,, 
159,2090,159,236.9099884,50.25999832,961.4899902,7.929999828,9.993638039,-84.65242767,429.6999817,9,33,12,45,38.59375,,,, 
160,2090,160,239.7099915,50.27000046,961.1699829,7.919999599,9.99365139,-84.65242767,429.8999939,7,33,12,45,38.703125,,,, 
161,2090,161,238.5599976,50.25,961.2999878,7.940000057,9.993664742,-84.65240479,430,6,33,12,45,38.796875,,,, 
162,2090,162,236.0999908,50.25999832,961.5899658,7.940000057,9.993674278,-84.65240479,430.0999756,6,33,12,45,38.921875,,,, 
163,2091,163,236.9700012,50.25999832,961.4799805,7.940000057,9.993684769,-84.65240479,430.1999817,6,33,12,45,39,,,, 
164,2091,164,236.3199921,50.25,961.5599976,7.940000057,9.993697166,-84.65238953,430.1999817,6,33,12,45,39.078125,,,, 
165,2091,165,236.0899963,50.25,961.5899658,7.940000057,9.993708611,-84.65238953,430.2999878,6,33,12,45,39.203125,,,, 
166,2091,166,236.0899963,50.25,961.5899658,7.940000057,9.993721962,-84.65236664,430.2999878,6,33,12,45,39.296875,,,, 
167,2091,167,234.4399872,50.25,961.7799683,7.949999809,9.99373436,-84.65236664,430.3999939,7,33,12,45,39.390625,,,, 
168,2091,168,232.8799896,50.23999786,961.9499512,7.949999809,9.993760109,-84.65234375,430.5999756,5,33,12,45,39.59375,,,, 
169,2091,169,235.1499939,50.25,961.6900024,7.949999809,9.993771553,-84.65234375,430.5999756,5,33,12,45,39.703125,,,, 
170,2091,170,233.1599884,50.25999832,961.9199829,7.949999809,9.99378109,-84.65231323,430.6999817,5,33,12,45,39.796875,,,, 
171,2091,171,233.019989,50.25,961.9400024,7.949999809,9.993789673,-84.65229797,430.8999939,5,33,12,45,39.921875,,,, 
172,2092,172,233.019989,50.25,961.9400024,7.949999809,9.993802071,-84.65227509,431,5,33,12,45,40,,,, 
173,2092,173,231.6799927,50.25999832,962.0899658,7.949999809,9.993811607,-84.65225983,431.1999817,6,33,12,45,40.078125,,,, 
174,2092,174,230.8300018,50.25999832,962.1900024,7.949999809,9.993823051,-84.65224457,431.1999817,6,33,12,45,40.203125,,,, 
175,2092,175,231.0999908,50.25,962.1599731,7.949999809,9.993830681,-84.65224457,431.1999817,7,33,12,45,40.296875,,,, 
176,2092,176,231,50.25,962.1699829,7.949999809,9.993833542,-84.65222168,431.2999878,7,33,12,45,40.390625,,,, 
177,2092,177,227.1900024,50.25,962.6099854,7.949999809,9.993835449,-84.65221405,431.3999939,7,33,12,45,40.5,,,, 
178,2092,178,229.5499878,50.25999832,962.3399658,7.949999809,9.993835449,-84.65221405,431.5999756,7,33,12,45,40.59375,,,, 
179,2092,179,228.9799957,50.25999832,962.3999634,7.949999809,9.993835449,-84.65221405,431.7999878,7,33,12,45,40.703125,,,, 
180,2092,180,228.5399933,50.25,962.4499512,7.949999809,9.993833542,-84.65221405,431.8999939,8,33,12,45,40.796875,,,, 
181,2093,181,226.9299927,50.27000046,962.6399536,7.949999809,9.993835449,-84.65219116,432.0999756,8,33,12,45,40.921875,,,, 
182,2093,182,226.7899933,50.25999832,962.6499634,7.949999809,9.993831635,-84.65219116,432.2999878,8,33,12,45,41.078125,,,, 
183,2093,183,226.1100006,50.25999832,962.7299805,7.949999809,9.993830681,-84.65219116,432.3999939,8,33,12,45,41.203125,,,, 
184,2093,184,226.0099945,50.25999832,962.7399902,7.949999809,9.993825912,-84.65219116,432.5,8,33,12,45,41.296875,,,, 
185,2093,185,225.0099945,50.27000046,962.8599854,7.949999809,9.993823051,-84.65219116,432.5999756,8,33,12,45,41.390625,,,, 
186,2093,186,223.8600006,50.25999832,962.9899902,7.949999809,9.993821144,-84.65218353,432.6999817,8,33,12,45,41.5,,,, 
187,2093,187,223.1499939,50.25999832,963.0700073,7.949999809,9.993818283,-84.65218353,432.7999878,8,33,12,45,41.59375,,,, 
188,2093,188,223.8300018,50.27000046,962.9899902,7.949999809,9.993817329,-84.65218353,432.8999939,8,33,12,45,41.703125,,,, 
189,2093,189,223.4499969,50.25999832,963.039978,7.949999809,9.993815422,-84.65218353,433,8,33,12,45,41.796875,,,, 
190,2093,190,222.3699951,50.25999832,963.1599731,7.949999809,9.993813515,-84.65219116,433,8,33,12,45,41.921875,,,, 
191,2094,191,223.1699982,50.25,963.0700073,7.949999809,9.993811607,-84.65219116,433.2999878,9,33,12,45,42,,,, 
192,2094,192,221.2299957,50.27000046,963.289978,7.949999809,9.993803024,-84.65219116,433.5999756,9,33,12,45,42.078125,,,, 
193,2094,193,220.6199951,50.27000046,963.3599854,7.949999809,9.993807793,-84.65219116,433.8999939,8,33,12,45,42.203125,,,, 
194,2094,194,220.6599884,50.27000046,963.3599854,7.949999809,9.993811607,-84.65219116,434.5999756,10,33,12,45,42.390625,,,, 
195,2094,195,220.0499878,50.25999832,963.4299927,7.949999809,9.993813515,-84.65219116,434.8999939,9,33,12,45,42.5,,,, 
196,2094,196,221.7399902,50.27000046,963.2299805,7.949999809,9.993811607,-84.65219116,435.1999817,10,33,12,45,42.59375,,,, 
197,2094,197,220.7999878,50.27000046,963.3399658,7.949999809,9.993811607,-84.65219116,435.5,10,33,12,45,42.703125,,,, 
198,2094,198,220.019989,50.27000046,963.4299927,7.949999809,9.993807793,-84.65219116,435.6999817,12,33,12,45,42.796875,,,, 
199,2094,199,218.9700012,50.25999832,963.5499878,7.949999809,9.99379921,-84.65219116,436.0999756,12,33,12,45,42.921875,,,, 
200,2095,200,217.769989,50.27999878,963.6900024,7.949999809,9.993786812,-84.65219116,436.3999939,12,33,12,45,43,,,, 
201,2095,201,217.2299957,50.27999878,963.75,7.949999809,9.993770599,-84.65221405,437.0999756,12,33,12,45,43.078125,,,, 
202,2095,202,216.5499878,50.27000046,963.8299561,7.949999809,9.993760109,-84.65221405,437.0999756,12,33,12,45,43.203125,,,, 
203,2095,203,216.1900024,50.2899971,963.8699951,7.949999809,9.993746758,-84.65221405,437.5,12,33,12,45,43.296875,,,, 
204,2095,204,215.9799957,50.27000046,963.8899536,7.949999809,9.993729591,-84.65221405,437.6999817,12,33,12,45,43.390625,,,, 
205,2095,205,215.1399994,50.27000046,963.9899902,7.949999809,9.993715286,-84.65221405,438,12,33,12,45,43.5,,,, 
206,2095,206,215.0399933,50.27999878,964,7.949999809,9.993702888,-84.65222168,438.1999817,12,33,12,45,43.59375,,,, 
207,2095,207,213.7200012,50.27000046,964.1499634,7.949999809,9.993684769,-84.65222168,438.5999756,12,33,12,45,43.796875,,,, 
208,2095,208,213.519989,50.27000046,964.1799927,7.949999809,9.993679047,-84.65222168,438.7999878,12,33,12,45,43.921875,,,, 
209,2096,209,212.1100006,50.27000046,964.3399658,7.949999809,9.993671417,-84.65222168,438.7999878,12,33,12,45,44,,,, 
210,2096,210,210.9700012,50.27999878,964.4699707,7.949999809,9.993664742,-84.65222168,438.8999939,12,33,12,45,44.078125,,,, 
211,2096,211,211.0599976,50.27000046,964.4599609,7.949999809,9.993664742,-84.65221405,438.8999939,12,33,12,45,44.203125,,,, 
212,2096,212,210.4599915,50.27000046,964.5299683,7.949999809,9.99366188,-84.65221405,438.8999939,12,33,12,45,44.296875,,,, 
213,2096,213,210.4899902,50.27000046,964.5199585,7.949999809,9.993658066,-84.65221405,438.7999878,12,33,12,45,44.390625,,,, 
214,2096,214,208.8799896,50.2899971,964.7099609,7.949999809,9.993655205,-84.65221405,438.6999817,12,33,12,45,44.5,,,, 
215,2096,215,209.6199951,50.27000046,964.6199951,7.949999809,9.993650436,-84.65221405,438.5999756,12,33,12,45,44.59375,,,, 
216,2096,216,208.7799988,50.2899971,964.7199707,7.949999809,9.993646622,-84.65221405,438.5999756,12,33,12,45,44.703125,,,, 
217,2096,217,208.6399994,50.27999878,964.7399902,7.949999809,9.993642807,-84.65221405,438.5,12,33,12,45,44.796875,,,, 
218,2097,218,207.8699951,50.27999878,964.8200073,7.949999809,9.993639946,-84.65221405,438.3999939,12,33,12,45,44.921875,,,, 
219,2097,219,207.4599915,50.27000046,964.8699951,7.949999809,9.993638039,-84.65221405,438.2999878,12,33,12,45,45,,,, 
220,2097,220,207.3300018,50.27000046,964.8899536,7.949999809,9.993632317,-84.65219116,438.1999817,12,33,12,45,45.203125,,,, 
221,2097,221,205.4499969,50.2899971,965.0999756,7.949999809,9.993630409,-84.65219116,438.0999756,12,33,12,45,45.296875,,,, 
222,2097,222,205.1499939,50.2899971,965.1399536,7.949999809,9.993626595,-84.65219116,437.8999939,12,33,12,45,45.390625,,,, 
223,2097,223,204.2299957,50.27999878,965.2399902,7.949999809,9.993624687,-84.65219116,437.5999756,12,33,12,45,45.5,,,, 
224,2097,224,203.3300018,50.2899971,965.3499756,7.949999809,9.99362278,-84.65219116,437.0999756,12,33,12,45,45.59375,,,, 
225,2097,225,203.4899902,50.27999878,965.3299561,7.949999809,9.993621826,-84.65218353,436.6999817,12,33,12,45,45.703125,,,, 
226,2097,226,202.8899994,50.27999878,965.3999634,7.949999809,9.993618965,-84.65218353,436.1999817,12,33,12,45,45.796875,,,, 
227,2097,227,201.9499969,50.2899971,965.5,7.949999809,9.993617058,-84.65218353,435.7999878,12,33,12,45,45.921875,,,, 
228,2098,228,201.8799896,50.2899971,965.5099487,7.949999809,9.99361515,-84.65218353,435.2999878,12,33,12,45,46,,,, 
229,2098,229,201.3399963,50.2899971,965.5700073,7.949999809,9.993611336,-84.65218353,434.7999878,12,33,12,45,46.078125,,,, 
230,2098,230,200.5699921,50.2899971,965.6599731,7.949999809,9.99360466,-84.65218353,434.3999939,12,33,12,45,46.203125,,,, 
231,2098,231,200.4700012,50.2899971,965.6699829,7.949999809,9.99360466,-84.65216064,434.0999756,12,33,12,45,46.296875,,,, 
232,2098,232,200.6699982,50.2899971,965.6499634,7.949999809,9.993603706,-84.65216064,433.3999939,12,33,12,45,46.5,,,, 
233,2098,233,200.2399902,50.2899971,965.6999512,7.949999809,9.993600845,-84.65216064,433,12,33,12,45,46.59375,,,, 
234,2098,234,199.6699982,50.2899971,965.7699585,7.949999809,9.993596077,-84.65216064,432.7999878,12,33,12,45,46.703125,,,, 
235,2098,235,198.3899994,50.2899971,965.9099731,7.949999809,9.993595123,-84.65215302,432.3999939,12,33,12,45,46.796875,,,, 
236,2098,236,197.8499908,50.2899971,965.9799805,7.949999809,9.993591309,-84.65215302,432.1999817,12,33,12,45,46.921875,,,, 
237,2099,237,197.0399933,50.2899971,966.0700073,7.949999809,9.993590355,-84.65215302,431.8999939,12,33,12,45,47,,,, 
238,2099,238,196.6100006,50.29999924,966.1199951,7.949999809,9.993585587,-84.6521225,431.3999939,12,33,12,45,47.078125,,,, 
239,2099,239,195.769989,50.2899971,966.2199707,7.949999809,9.993585587,-84.6521225,431.1999817,12,33,12,45,47.203125,,,, 
240,2099,240,196.0699921,50.2899971,966.1799927,7.949999809,9.993585587,-84.6521225,430.8999939,12,33,12,45,47.296875,,,, 
241,2099,241,195.1299896,50.29999924,966.289978,7.949999809,9.993585587,-84.6521225,430.5999756,12,33,12,45,47.390625,,,, 
242,2099,242,195.6900024,50.27000046,966.2199707,7.949999809,9.993585587,-84.65210724,430.2999878,12,33,12,45,47.5,,,, 
243,2099,243,193.519989,50.29999924,966.4699707,7.949999809,9.993582726,-84.65210724,429.8999939,12,33,12,45,47.59375,,,, 
244,2099,244,192.5,50.2899971,966.5899658,7.949999809,9.993581772,-84.65210724,429.5999756,12,33,12,45,47.703125,,,, 
245,2099,245,192.8399963,50.2899971,966.5499878,7.949999809,9.993577957,-84.65209961,428.8999939,12,33,12,45,47.921875,,,, 
246,2100,246,192.6100006,50.2899971,966.5799561,7.949999809,9.993577957,-84.65209961,428.6999817,12,33,12,45,48,,,, 
247,2100,247,192.0399933,50.29999924,966.6399536,7.949999809,9.993577003,-84.65209961,428.3999939,12,33,12,45,48.078125,,,, 
248,2100,248,191.5299988,50.29999924,966.6999512,7.949999809,9.993577003,-84.65209961,428.2999878,10,33,12,45,48.203125,,,, 
249,2100,249,190.8300018,50.29999924,966.7799683,7.949999809,9.993577957,-84.65207672,428.1999817,11,33,12,45,48.296875,,,, 
250,2100,250,189.519989,50.29999924,966.9299927,7.949999809,9.993577957,-84.65207672,428.0999756,12,33,12,45,48.390625,,,, 
251,2100,251,189.0500031,50.29999924,966.9899902,7.949999809,9.993577957,-84.65207672,427.3999939,12,33,12,45,48.5,,,, 
252,2100,252,191.1299896,50.29999924,966.75,7.949999809,9.993579865,-84.65206909,427.0999756,12,33,12,45,48.59375,,,, 
253,2100,253,190.5299988,50.29999924,966.8200073,7.949999809,9.993579865,-84.65206909,424.2999878,12,33,12,45,48.703125,,,, 
254,2100,254,187.4400024,50.29999924,967.1699829,7.949999809,9.993582726,-84.65206909,423.7999878,12,33,12,45,48.796875,,,, 
255,2101,255,187.5399933,50.30999756,967.1599731,7.949999809,9.993585587,-84.6520462,423.3999939,12,33,12,45,48.921875,,,, 
256,2101,256,184.8499908,50.29999924,967.4699707,7.949999809,9.99358654,-84.6520462,422.8999939,12,33,12,45,49,,,, 
257,2101,257,185.5899963,50.30999756,967.3899536,7.949999809,9.993591309,-84.6520462,422.2999878,12,33,12,45,49.203125,,,, 
258,2101,258,186.25,50.27999878,967.3099976,7.940000057,9.993593216,-84.65203094,421.8999939,12,33,12,45,49.296875,,,, 
259,2101,259,184.8499908,50.29999924,967.4699707,7.949999809,9.993596077,-84.65203094,421.5,12,33,12,45,49.390625,,,, 
260,2101,260,184.0800018,50.30999756,967.5599976,7.949999809,9.993597984,-84.65203094,421.0999756,12,33,12,45,49.5,,,, 
261,2101,261,183.9199982,50.30999756,967.5799561,7.949999809,9.993601799,-84.65200806,420.5999756,12,33,12,45,49.59375,,,, 
262,2101,262,182.9400024,50.30999756,967.6900024,7.949999809,9.99360466,-84.65200806,420.0999756,12,33,12,45,49.703125,,,, 
263,2101,263,182.5299988,50.29999924,967.7399902,7.949999809,9.993606567,-84.65200806,419.6999817,12,33,12,45,49.796875,,,, 
264,2101,264,181.3199921,50.29999924,967.8800049,7.949999809,9.993609428,-84.65200043,419.2999878,12,33,12,45,49.921875,,,, 
265,2102,265,180.5500031,50.29999924,967.9699707,7.949999809,9.993611336,-84.65200043,418.8999939,12,33,12,45,50,,,, 
266,2102,266,180.3899994,50.29999924,967.9899902,7.949999809,9.99361515,-84.65200043,418.5,12,33,12,45,50.078125,,,, 
267,2102,267,179.3499908,50.30999756,968.1099854,7.949999809,9.993617058,-84.65198517,418.0999756,12,33,12,45,50.203125,,,, 
268,2102,268,179.6799927,50.30999756,968.0700073,7.949999809,9.993619919,-84.65198517,417.7999878,12,33,12,45,50.296875,,,, 
269,2102,269,179.3399963,50.29999924,968.1099854,7.949999809,9.993621826,-84.65198517,417.2999878,12,33,12,45,50.390625,,,, 
270,2102,270,179.6799927,50.29999924,968.0700073,7.949999809,9.993627548,-84.65196991,416.3999939,12,33,12,45,50.59375,,,, 
271,2102,271,179.3799896,50.30999756,968.0999756,7.949999809,9.993630409,-84.65196991,416,12,33,12,45,50.703125,,,, 
272,2102,272,176.4599915,50.29999924,968.4400024,7.949999809,9.99363327,-84.65196991,415.5,12,33,12,45,50.796875,,,, 
273,2102,273,176.6600037,50.29999924,968.4199829,7.949999809,9.993635178,-84.65196991,415.0999756,12,33,12,45,50.921875,,,, 
274,2103,274,175.519989,50.29999924,968.5499878,7.949999809,9.993638039,-84.65196991,414.5999756,12,33,12,45,51,,,, 
275,2103,275,173.8799896,50.30999756,968.7399902,7.949999809,9.993641853,-84.65195465,414.1999817,12,33,12,45,51.078125,,,, 
276,2103,276,173.8099976,50.29999924,968.75,7.960000038,9.993645668,-84.65195465,413.7999878,12,33,12,45,51.203125,,,, 
277,2103,277,174.6499939,50.30999756,968.6499634,7.960000038,9.993646622,-84.65195465,413.5,12,33,12,45,51.296875,,,, 
278,2103,278,174.1100006,50.30999756,968.7099609,7.949999809,9.993650436,-84.65195465,413,12,33,12,45,51.390625,,,, 
279,2103,279,172.8699951,50.30999756,968.8499756,7.949999809,9.993653297,-84.65195465,412.6999817,12,33,12,45,51.5,,,, 
280,2103,280,173.6799927,50.30999756,968.7599487,7.949999809,9.993656158,-84.65195465,412.1999817,12,33,12,45,51.59375,,,, 
281,2103,281,171.8600006,50.29999924,968.9699707,7.949999809,9.99366188,-84.65195465,411.1999817,12,33,12,45,51.796875,,,, 
282,2103,282,170.8600006,50.30999756,969.0799561,7.960000038,9.993664742,-84.65195465,410.6999817,12,33,12,45,51.921875,,,, 
283,2104,283,170.8300018,50.30999756,969.0899658,7.949999809,9.993666649,-84.65195465,410.0999756,12,33,12,45,52,,,, 
284,2104,284,169.1799927,50.29999924,969.2799683,7.949999809,9.99366951,-84.65195465,409.5999756,12,33,12,45,52.078125,,,, 
285,2104,285,168.4199982,50.30999756,969.3699951,7.949999809,9.993671417,-84.65193939,409.1999817,12,33,12,45,52.203125,,,, 
286,2104,286,168.9799957,50.30999756,969.2999878,7.949999809,9.993674278,-84.65193939,408.6000061,12,33,12,45,52.296875,,,, 
287,2104,287,168.9100037,50.29999924,969.3099976,7.949999809,9.993674278,-84.65193939,407.7999878,12,33,12,45,52.390625,,,, 
288,2104,288,168.8099976,50.29999924,969.3200073,7.949999809,9.993677139,-84.65193939,407.1999817,12,33,12,45,52.5,,,, 
289,2104,289,168.7099915,50.29999924,969.3299561,7.949999809,9.993677139,-84.65193939,406.7999878,12,33,12,45,52.59375,,,, 
290,2104,290,166.8399963,50.30999756,969.5499878,7.949999809,9.993677139,-84.65193939,406.1999817,12,33,12,45,52.703125,,,, 
291,2104,291,166.269989,50.30999756,969.6099854,7.949999809,9.993677139,-84.65193939,405.7999878,12,33,12,45,52.796875,,,, 
292,2105,292,164.3899994,50.30999756,969.8299561,7.949999809,9.993679047,-84.65193939,408.8999939,12,33,12,45,52.921875,,,, 
293,2105,293,164.019989,50.30999756,969.8699951,7.949999809,9.993679047,-84.65193939,411,12,33,12,45,53,,,, 
294,2105,294,163.6199951,50.30999756,969.9199829,7.949999809,9.993679047,-84.65195465,413.5,12,33,12,45,53.203125,,,, 
295,2105,295,163.5500031,50.30999756,969.9299927,7.949999809,9.993679047,-84.65195465,414.1999817,12,33,12,45,53.296875,,,, 
296,2105,296,163.1799927,50.30999756,969.9699707,7.949999809,9.993677139,-84.65195465,414.7999878,12,33,12,45,53.390625,,,, 
297,2105,297,162.2399902,50.29999924,970.0799561,7.949999809,9.993674278,-84.65193939,415.2999878,12,33,12,45,53.5,,,, 
298,2105,298,160.8399963,50.31999969,970.2399902,7.949999809,9.993674278,-84.65193939,415.5999756,12,33,12,45,53.59375,,,, 
299,2105,299,161.2399902,50.29999924,970.1999512,7.949999809,9.993673325,-84.65193939,415.8999939,12,33,12,45,53.703125,,,, 
300,2105,300,160.9700012,50.30999756,970.2299805,7.949999809,9.993673325,-84.65193939,416,12,33,12,45,53.796875,,,, 
301,2105,301,161.0999908,50.29999924,970.2099609,7.949999809,9.993674278,-84.65193939,416,12,33,12,45,53.921875,,,, 
302,2106,302,161.0399933,50.30999756,970.2199707,7.949999809,9.993673325,-84.65193939,416,12,33,12,45,54,,,, 
303,2106,303,159.5399933,50.31999969,970.3899536,7.949999809,9.993673325,-84.65193939,416,12,33,12,45,54.078125,,,, 
304,2106,304,158.4599915,50.30999756,970.5199585,7.949999809,9.993673325,-84.65193939,415.7999878,12,33,12,45,54.203125,,,, 
305,2106,305,157.4299927,50.31999969,970.6399536,7.949999809,9.993673325,-84.65193939,415.5,12,33,12,45,54.296875,,,, 
306,2106,306,157.4899902,50.31999969,970.6300049,7.949999809,9.993673325,-84.65193939,414.8999939,12,33,12,45,54.5,,,, 
307,2106,307,157.0899963,50.31999969,970.6699829,7.960000038,9.993673325,-84.65193939,416,12,33,12,45,54.59375,,,, 
308,2106,308,156.8899994,50.31999969,970.6999512,7.949999809,9.993673325,-84.65193939,416.5,12,33,12,45,54.703125,,,, 
309,2106,309,156.4499969,50.30999756,970.75,7.949999809,9.993673325,-84.65193939,416.6999817,12,33,12,45,54.796875,,,, 
310,2106,310,155.1499939,50.32999802,970.8999634,7.960000038,9.993671417,-84.65193939,416.6999817,12,33,12,45,54.921875,,,, 
311,2107,311,154.1100006,50.32999802,971.0199585,7.949999809,9.99366951,-84.65193939,416.5,12,33,12,45,55,,,, 
312,2107,312,153.9100037,50.31999969,971.039978,7.949999809,9.99366951,-84.65193939,416.2999878,12,33,12,45,55.078125,,,, 
313,2107,313,154.5699921,50.30999756,970.9599609,7.949999809,9.993668556,-84.65193939,416,12,33,12,45,55.203125,,,, 
314,2107,314,153.0999908,50.31999969,971.1300049,7.949999809,9.993666649,-84.65193939,415.8999939,12,33,12,45,55.296875,,,, 
315,2107,315,151.8300018,50.31999969,971.2799683,7.949999809,9.993666649,-84.65193939,415.8999939,12,33,12,45,55.390625,,,, 
316,2107,316,151.3999939,50.31999969,971.3299561,7.949999809,9.993664742,-84.65193939,415.6999817,12,33,12,45,55.5,,,, 
317,2107,317,150.0200043,50.31999969,971.4899902,7.949999809,9.99366188,-84.65192413,415.3999939,12,33,12,45,55.59375,,,, 
318,2107,318,149.9599915,50.32999802,971.5,7.949999809,9.993660927,-84.65192413,415.1999817,12,33,12,45,55.703125,,,, 
319,2107,319,151.4700012,50.32999802,971.3200073,7.949999809,9.993658066,-84.65192413,414.5999756,12,33,12,45,55.921875,,,, 
320,2108,320,149.6600037,50.31999969,971.5299683,7.949999809,9.993658066,-84.65192413,414.2999878,12,33,12,45,56,,,, 
321,2108,321,149.0200043,50.31999969,971.6099854,7.949999809,9.993656158,-84.65190125,414,12,33,12,45,56.078125,,,, 
322,2108,322,148.6799927,50.30999756,971.6499634,7.949999809,9.993656158,-84.65190125,413.7999878,12,33,12,45,56.203125,,,, 
323,2108,323,148.2200012,50.31999969,971.6999512,7.949999809,9.993656158,-84.65190125,413.5999756,12,33,12,45,56.296875,,,, 
324,2108,324,146.9100037,50.30999756,971.8499756,7.949999809,9.993656158,-84.65187836,413.2999878,12,33,12,45,56.390625,,,, 
325,2108,325,145.4100037,50.32999802,972.0199585,7.949999809,9.993658066,-84.65187836,413,12,33,12,45,56.5,,,, 
326,2108,326,144.4400024,50.32999802,972.1399536,7.949999809,9.993660927,-84.65187836,412.5999756,12,33,12,45,56.59375,,,, 
327,2108,327,143.8099976,50.32999802,972.2099609,7.949999809,9.993663788,-84.65187836,412.0999756,12,33,12,45,56.703125,,,, 
328,2108,328,143.3699951,50.31999969,972.2599487,7.949999809,9.993664742,-84.65187073,411.5999756,12,33,12,45,56.796875,,,, 
329,2109,329,143.1299896,50.31999969,972.289978,7.949999809,9.993666649,-84.65187073,411.1999817,12,33,12,45,56.921875,,,, 
330,2109,330,143.1999969,50.32999802,972.2799683,7.949999809,9.993668556,-84.65187073,410.7999878,12,33,12,45,57,,,, 
331,2109,331,142.2299957,50.30999756,972.3899536,7.949999809,9.99366951,-84.65184784,410.2999878,12,33,12,45,57.203125,,,, 
332,2109,332,142.3999939,50.32999802,972.3699951,7.949999809,9.993671417,-84.65184784,410.0999756,12,33,12,45,57.296875,,,, 
333,2109,333,141.2599945,50.32999802,972.5,7.949999809,9.993671417,-84.65184784,409.8999939,12,33,12,45,57.390625,,,, 
334,2109,334,140.5299988,50.32999802,972.5899658,7.949999809,9.993673325,-84.65183258,409.5999756,12,33,12,45,57.5,,,, 
335,2109,335,140.1900024,50.31999969,972.6300049,7.949999809,9.993673325,-84.65183258,409.1999817,12,33,12,45,57.59375,,,, 
336,2109,336,138.5599976,50.34000015,972.8200073,7.949999809,9.993674278,-84.65183258,408.7999878,12,33,12,45,57.703125,,,, 
337,2109,337,138.3499908,50.32999802,972.8399658,7.949999809,9.993674278,-84.65183258,408.2999878,12,33,12,45,57.796875,,,, 
338,2109,338,138.3199921,50.32999802,972.8399658,7.949999809,9.993674278,-84.65182495,407.8999939,12,33,12,45,57.921875,,,, 
339,2110,339,137.3199921,50.32999802,972.9599609,7.949999809,9.993674278,-84.65182495,407.3999939,12,33,12,45,58,,,, 
340,2110,340,136.5099945,50.32999802,973.0499878,7.989999771,9.993674278,-84.65182495,407,12,33,12,45,58.078125,,,, 
341,2110,341,137.5899963,50.32999802,972.9299927,7.949999809,9.993674278,-84.65180206,406.6999817,12,33,12,45,58.203125,,,, 
342,2110,342,136.1799927,50.32999802,973.0899658,7.949999809,9.993674278,-84.65180206,406.3999939,12,33,12,45,58.296875,,,, 
343,2110,343,135.5500031,50.34000015,973.1599731,7.949999809,9.993679047,-84.6517868,405.8999939,12,33,12,45,58.5,,,, 
344,2110,344,135.0099945,50.31999969,973.2299805,7.949999809,9.993679047,-84.6517868,405.6000061,12,33,12,45,58.59375,,,, 
345,2110,345,134.1100006,50.32999802,973.3299561,7.949999809,9.99368,-84.6517868,405.3999939,12,33,12,45,58.703125,,,, 
346,2110,346,133.9400024,50.32999802,973.3499756,7.960000038,9.993682861,-84.65176392,405.1000061,12,33,12,45,58.796875,,,, 
347,2110,347,133.4700012,50.32999802,973.3999634,7.949999809,9.993684769,-84.65176392,404.6999817,12,33,12,45,58.921875,,,, 
348,2111,348,133.0999908,50.32999802,973.4499512,7.949999809,9.99368763,-84.65176392,404.2999878,12,33,12,45,59,,,, 
349,2111,349,132.0699921,50.32999802,973.5700073,7.949999809,9.993692398,-84.65175629,403.7999878,12,33,12,45,59.078125,,,, 
350,2111,350,131.6699982,50.34000015,973.6099854,7.949999809,9.993693352,-84.65175629,403.6000061,12,33,12,45,59.203125,,,, 
351,2111,351,131.3000031,50.32999802,973.6599731,7.949999809,9.993697166,-84.65175629,403.2999878,12,33,12,45,59.296875,,,, 
352,2111,352,130.5,50.32999802,973.75,7.949999809,9.993700027,-84.65175629,403.1000061,12,33,12,45,59.390625,,,, 
353,2111,353,130.0999908,50.32999802,973.789978,7.949999809,9.993700981,-84.65174103,402.7999878,12,33,12,45,59.5,,,, 
354,2111,354,130.9299927,50.31999969,973.6999512,7.949999809,9.993704796,-84.65174103,402.3999939,12,33,12,45,59.59375,,,, 
355,2111,355,130.3000031,50.32999802,973.7699585,7.949999809,9.993711472,-84.65174103,401.6000061,12,33,12,45,59.796875,,,, 
356,2111,356,129.1299896,50.32999802,973.9099731,7.949999809,9.993715286,-84.65172577,401.1999817,12,33,12,45,59.921875,,,, 
357,2112,357,128.1600037,50.34000015,974.0199585,7.949999809,9.99371624,-84.65172577,400.6999817,12,33,12,46,0,,,, 
358,2112,358,127.8600006,50.32999802,974.0499878,7.949999809,9.993718147,-84.65172577,400.2999878,12,33,12,46,0.078125,,,, 
359,2112,359,127.2599945,50.32999802,974.1199951,7.949999809,9.993720055,-84.65172577,400,12,33,12,46,0.203125,,,, 
360,2112,360,126.8600006,50.34000015,974.1699829,7.949999809,9.993721962,-84.65172577,399.6000061,12,33,12,46,0.296875,,,, 
361,2112,361,126.1899948,50.32999802,974.25,7.949999809,9.993723869,-84.65172577,399.1000061,12,33,12,46,0.390625,,,, 
362,2112,362,125.4199982,50.34000015,974.3399658,7.949999809,9.993723869,-84.65172577,398.6999817,12,33,12,46,0.5,,,, 
363,2112,363,125.0899963,50.34000015,974.3699951,7.960000038,9.993721962,-84.65172577,398.3999939,12,33,12,46,0.59375,,,, 
364,2112,364,124.3199997,50.32999802,974.4599609,7.949999809,9.993721962,-84.65172577,398.1999817,12,33,12,46,0.703125,,,, 
365,2112,365,123.8499985,50.32999802,974.5199585,7.949999809,9.993720055,-84.65172577,397.8999939,12,33,12,46,0.796875,,,, 
366,2113,366,123.1199951,50.34000015,974.5999756,7.949999809,9.993720055,-84.65171051,397.5,12,33,12,46,0.921875,,,, 
367,2113,367,122.7799988,50.32999802,974.6399536,7.949999809,9.993720055,-84.65171051,397.1999817,12,33,12,46,1,,,, 
368,2113,368,122.2900009,50.34000015,974.6999512,7.949999809,9.993718147,-84.65171051,396.5,12,33,12,46,1.203125,,,, 
369,2113,369,122.5199966,50.32999802,974.6699829,7.949999809,9.993718147,-84.65171051,396.3999939,12,33,12,46,1.296875,,,, 
370,2113,370,121.4899979,50.34999847,974.789978,7.949999809,9.993718147,-84.65171051,396.2999878,12,33,12,46,1.390625,,,, 
371,2113,371,121.4799957,50.34000015,974.789978,7.949999809,9.99371624,-84.65171051,396.2999878,12,33,12,46,1.5,,,, 
372,2113,372,120.4499969,50.34999847,974.9099731,7.949999809,9.993718147,-84.65171051,396.1999817,12,33,12,46,1.59375,,,, 
373,2113,373,120.6800003,50.32999802,974.8899536,7.949999809,9.993718147,-84.65168762,395.8999939,12,33,12,46,1.703125,,,, 
374,2113,374,120.3499985,50.32999802,974.9199829,7.949999809,9.993720055,-84.65168762,395.3999939,12,33,12,46,1.796875,,,, 
375,2113,375,121.0499954,50.32999802,974.8399658,7.949999809,9.993721962,-84.65168762,395,12,33,12,46,1.921875,,,, 
376,2114,376,119.8499985,50.34999847,974.9799805,7.949999809,9.993723869,-84.65168762,394.6999817,12,33,12,46,2,,,, 
377,2114,377,118.3799973,50.34000015,975.1499634,7.949999809,9.993724823,-84.65168762,394.3999939,12,33,12,46,2.078125,,,, 
378,2114,378,118.5499954,50.34000015,975.1300049,7.949999809,9.99372673,-84.65168762,394.1999817,12,33,12,46,2.203125,,,, 
379,2114,379,117.9799957,50.34000015,975.1999512,7.949999809,9.993728638,-84.65168762,393.8999939,12,33,12,46,2.296875,,,, 
380,2114,380,118.0499954,50.34000015,975.1900024,7.949999809,9.993729591,-84.65168762,393.6999817,12,33,12,46,2.390625,,,, 
381,2114,381,116.5099945,50.34000015,975.3699951,7.949999809,9.993733406,-84.65168762,393,12,33,12,46,2.59375,,,, 
382,2114,382,117.1399994,50.32999802,975.2999878,7.949999809,9.993737221,-84.65168762,392.6999817,12,33,12,46,2.703125,,,, 
383,2114,383,115.6399994,50.34000015,975.4699707,7.949999809,9.993737221,-84.65168762,392.2999878,12,33,12,46,2.796875,,,, 
384,2114,384,114.6800003,50.34999847,975.5799561,7.949999809,9.993739128,-84.65167999,391.8999939,12,33,12,46,2.921875,,,, 
385,2115,385,114.1800003,50.34000015,975.6399536,7.949999809,9.993740082,-84.65167999,391.6999817,12,33,12,46,3,,,, 
386,2115,386,113.6800003,50.34000015,975.6999512,7.949999809,9.993740082,-84.65167999,391.5,12,33,12,46,3.078125,,,, 
387,2115,387,113.6100006,50.34000015,975.7099609,7.949999809,9.993741989,-84.65167999,391.3999939,12,33,12,46,3.203125,,,, 
388,2115,388,113.2399979,50.34000015,975.75,7.949999809,9.993742943,-84.65167999,391.1999817,12,33,12,46,3.296875,,,, 
389,2115,389,113.3399963,50.34000015,975.7399902,7.949999809,9.993742943,-84.65167999,390.8999939,12,33,12,46,3.390625,,,, 
390,2115,390,112.909996,50.34000015,975.789978,7.949999809,9.993742943,-84.65167999,390.6999817,12,33,12,46,3.5,,,, 
391,2115,391,113.0099945,50.34000015,975.7699585,7.949999809,9.993742943,-84.65167999,390.6000061,12,33,12,46,3.59375,,,, 
392,2115,392,110.8399963,50.34000015,976.0299683,7.949999809,9.993742943,-84.65167999,390.1000061,12,33,12,46,3.796875,,,, 
393,2115,393,110.4799957,50.34000015,976.0700073,7.949999809,9.993742943,-84.65167999,389.7999878,12,33,12,46,3.921875,,,, 
394,2116,394,110.4399948,50.34999847,976.0700073,7.949999809,9.993742943,-84.65167999,389.5,12,33,12,46,4,,,, 
395,2116,395,109.6399994,50.34999847,976.1699829,7.949999809,9.993742943,-84.65167999,389.1000061,12,33,12,46,4.078125,,,, 
396,2116,396,108.8799973,50.34999847,976.25,7.949999809,9.993742943,-84.65167999,388.8999939,12,33,12,46,4.203125,,,, 
397,2116,397,108.7099991,50.34000015,976.2699585,7.949999809,9.993742943,-84.65167999,388.6000061,12,33,12,46,4.296875,,,, 
398,2116,398,107.8399963,50.34000015,976.3699951,7.949999809,9.993742943,-84.65167999,388.3999939,12,33,12,46,4.390625,,,, 
399,2116,399,107.1399994,50.34999847,976.4599609,7.949999809,9.993742943,-84.65167999,388.1000061,12,33,12,46,4.5,,,, 
400,2116,400,106.4700012,50.32999802,976.5299683,7.949999809,9.993742943,-84.65164948,387.8999939,12,33,12,46,4.59375,,,, 
401,2116,401,106.0400009,50.34000015,976.5799561,7.949999809,9.993742943,-84.65164948,387.6000061,12,33,12,46,4.703125,,,, 
402,2116,402,104.909996,50.34999847,976.7099609,7.949999809,9.993742943,-84.65164948,387.1999817,12,33,12,46,4.796875,,,, 
403,2117,403,105.5099945,50.34000015,976.6499634,7.949999809,9.993741989,-84.65164948,386.7999878,12,33,12,46,4.921875,,,, 
404,2117,404,105.3099976,50.34000015,976.6699829,7.949999809,9.993741989,-84.65164948,386.3999939,12,33,12,46,5,,,, 
405,2117,405,104.4799957,50.34999847,976.7599487,7.949999809,9.993741989,-84.65164948,385.7999878,12,33,12,46,5.203125,,,, 
406,2117,406,103.8799973,50.34999847,976.8299561,7.949999809,9.993741989,-84.65163422,385.5,12,33,12,46,5.296875,,,, 
407,2117,407,103.409996,50.34999847,976.8899536,7.949999809,9.993741989,-84.65163422,385.1999817,12,33,12,46,5.390625,,,, 
408,2117,408,102.6100006,50.34999847,976.9799805,7.949999809,9.993741989,-84.65163422,384.8999939,12,33,12,46,5.5,,,, 
409,2117,409,102.5400009,50.34000015,976.9899902,7.949999809,9.993742943,-84.65163422,384.6000061,12,33,12,46,5.59375,,,, 
410,2117,410,101.5499954,50.34999847,977.0999756,7.949999809,9.993742943,-84.65163422,384.1999817,12,33,12,46,5.703125,,,, 
411,2117,411,101.5799942,50.34999847,977.0999756,7.949999809,9.993742943,-84.65163422,383.7999878,12,33,12,46,5.796875,,,, 
412,2117,412,101.0499954,50.36000061,977.1599731,7.949999809,9.993742943,-84.65163422,383.2999878,12,33,12,46,5.921875,,,, 
413,2118,413,100.5099945,50.34999847,977.2299805,7.949999809,9.993742943,-84.65163422,382.8999939,12,33,12,46,6,,,, 
414,2118,414,99.50999451,50.34999847,977.3399658,7.949999809,9.993741989,-84.65162659,382.3999939,12,33,12,46,6.078125,,,, 
415,2118,415,99.37999725,50.34999847,977.3599854,7.949999809,9.993741989,-84.65162659,382.1000061,12,33,12,46,6.203125,,,, 
416,2118,416,99.75,50.34999847,977.3099976,7.949999809,9.993741989,-84.65162659,381.8999939,12,33,12,46,6.296875,,,, 
417,2118,417,97.91999817,50.36000061,977.5299683,7.949999809,9.993741989,-84.65162659,381.6000061,12,33,12,46,6.5,,,, 
418,2118,418,97.37999725,50.34999847,977.5899658,7.949999809,9.993741989,-84.65162659,381.2999878,12,33,12,46,6.59375,,,, 
419,2118,419,96.65000153,50.34999847,977.6699829,7.949999809,9.993741989,-84.65162659,381,12,33,12,46,6.703125,,,, 
420,2118,420,96.50999451,50.34999847,977.6900024,7.949999809,9.993741989,-84.65162659,380.6999817,12,33,12,46,6.796875,,,, 
421,2118,421,95.33999634,50.34000015,977.8299561,7.949999809,9.993741989,-84.6516037,380.2999878,12,33,12,46,6.921875,,,, 
422,2119,422,94.68000031,50.34999847,977.8999634,7.949999809,9.993741989,-84.6516037,379.8999939,12,33,12,46,7,,,, 
423,2119,423,93.84999847,50.34999847,978,7.949999809,9.993741989,-84.6516037,379.5,12,33,12,46,7.078125,,,, 
424,2119,424,93.29000092,50.34999847,978.0599976,7.949999809,9.993741989,-84.6516037,379.1000061,12,33,12,46,7.203125,,,, 
425,2119,425,92.87999725,50.34999847,978.1099854,7.949999809,9.993741989,-84.6516037,378.5,12,33,12,46,7.296875,,,, 
426,2119,426,92.65000153,50.34999847,978.1399536,7.949999809,9.993741989,-84.6516037,377.7999878,12,33,12,46,7.390625,,,, 
427,2119,427,92.84999847,50.34999847,978.1099854,7.949999809,9.993741989,-84.6516037,377.1000061,12,33,12,46,7.5,,,, 
428,2119,428,93.25,50.34999847,978.0700073,7.949999809,9.993740082,-84.65159607,376.1999817,12,33,12,46,7.59375,,,, 
429,2119,429,91.94999695,50.34999847,978.2199707,7.949999809,9.993739128,-84.65159607,374.3999939,12,33,12,46,7.796875,,,, 
430,2119,430,91.47999573,50.34000015,978.2699585,7.949999809,9.993737221,-84.65159607,373.7999878,12,33,12,46,7.921875,,,, 
431,2120,431,90.98999786,50.34999847,978.3299561,7.949999809,9.99373436,-84.65157318,373.2999878,12,33,12,46,8,,,, 
432,2120,432,90.51999664,50.34999847,978.3899536,7.949999809,9.99373436,-84.65157318,372.8999939,12,33,12,46,8.078125,,,, 
433,2120,433,88.86000061,50.34999847,978.5799561,7.949999809,9.993733406,-84.65157318,372.7999878,12,33,12,46,8.203125,,,, 
434,2120,434,88.55999756,50.36999893,978.6099854,7.949999809,9.993733406,-84.65156555,372.3999939,12,33,12,46,8.296875,,,, 
435,2120,435,88.68999481,50.34999847,978.5999756,7.949999809,9.993733406,-84.65156555,372.1000061,12,33,12,46,8.390625,,,, 
436,2120,436,88.38999939,50.34000015,978.6300049,7.949999809,9.993733406,-84.65156555,371.7999878,12,33,12,46,8.5,,,, 
437,2120,436,87.55999756,50.34999847,978.7299805,7.949999809,9.993733406,-84.65154266,371.5,12,33,12,46,8.59375,,,, 
438,2120,438,86.79000092,50.34000015,978.8200073,7.949999809,9.993733406,-84.65154266,371.1999817,12,33,12,46,8.703125,,,, 
439,2120,439,86.51999664,50.34000015,978.8499756,7.949999809,9.993733406,-84.65154266,370.8999939,12,33,12,46,8.796875,,,, 
440,2121,440,85.75999451,50.34000015,978.8499756,7.949999809,9.993733406,-84.65151978,370.3999939,12,33,12,46,8.921875,,,, 
441,2121,441,85.29999542,50.34999847,978.9899902,7.949999809,9.993733406,-84.65151978,369.6999817,12,33,12,46,9,,,, 
442,2121,442,84.33000183,50.34999847,979.1099854,7.96999979,9.99373436,-84.65151215,368.7999878,12,33,12,46,9.203125,,,, 
443,2121,443,84.02999878,50.34999847,979.1399536,7.949999809,9.99373436,-84.65151215,368.1000061,12,33,12,46,9.296875,,,, 
444,2121,444,84,50.36000061,979.1399536,7.949999809,9.99373436,-84.65151215,367.6000061,12,33,12,46,9.390625,,,, 
445,2121,445,83.04000092,50.34999847,979.2599487,7.949999809,9.993733406,-84.65151215,367,12,33,12,46,9.5,,,, 
446,2121,446,83.36999512,50.34999847,979.2199707,7.949999809,9.993733406,-84.65148926,366.6000061,12,33,12,46,9.59375,,,, 
447,2121,447,82.23999786,50.34999847,979.3499756,7.949999809,9.993733406,-84.65148926,366.1000061,12,33,12,46,9.703125,,,, 
448,2121,448,81.18000031,50.36000061,979.4699707,7.949999809,9.993731499,-84.65148926,365.6999817,12,33,12,46,9.796875,,,, 
449,2121,449,80.87999725,50.36000061,979.5099487,7.949999809,9.993731499,-84.65148926,365.1999817,12,33,12,46,9.921875,,,, 
450,2122,450,80.27999878,50.34999847,979.5799561,7.949999809,9.993729591,-84.65148926,364.6000061,12,33,12,46,10,,,, 
451,2122,451,79.70999908,50.36999893,979.6399536,7.949999809,9.993729591,-84.65148163,364.1000061,12,33,12,46,10.078125,,,, 
452,2122,452,79.47999573,50.34999847,979.6699829,7.949999809,9.993728638,-84.65148163,363.6999817,12,33,12,46,10.203125,,,, 
453,2122,453,79.04000092,50.34999847,979.7199707,7.949999809,9.99372673,-84.65148163,363.2999878,12,33,12,46,10.296875,,,, 
454,2122,454,78.18000031,50.34999847,979.8200073,7.949999809,9.993724823,-84.65148163,362.3999939,12,33,12,46,10.5,,,, 
455,2122,455,77.08999634,50.36999893,979.9499512,7.949999809,9.993724823,-84.65148163,362,12,33,12,46,10.59375,,,, 
456,2122,456,76.02999878,50.36999893,980.0700073,7.949999809,9.993724823,-84.65148163,361.6000061,12,33,12,46,10.703125,,,, 
457,2122,457,75.51999664,50.36999893,980.1300049,7.949999809,9.993724823,-84.65148163,361.6000061,12,33,12,46,10.796875,,,, 
458,2122,458,75.25,50.34999847,980.1599731,7.949999809,9.993724823,-84.65146637,361.6999817,12,33,12,46,10.921875,,,, 
459,2123,459,74.36000061,50.36999893,980.2599487,7.949999809,9.993723869,-84.65146637,361.6999817,12,33,12,46,11,,,, 
460,2123,460,74.55999756,50.36999893,980.2399902,7.949999809,9.993723869,-84.65146637,361.6999817,12,33,12,46,11.078125,,,, 
461,2123,461,74.58999634,50.36999893,980.2399902,7.949999809,9.993721962,-84.65146637,361.3999939,12,33,12,46,11.203125,,,, 
462,2123,462,73.79000092,50.34999847,980.3299561,7.949999809,9.993721962,-84.65146637,361.1000061,12,33,12,46,11.296875,,,, 
463,2123,463,73.19999695,50.36000061,980.3999634,7.949999809,9.993720055,-84.65146637,360.7999878,12,33,12,46,11.390625,,,, 
464,2123,464,71.63999939,50.36999893,980.5799561,7.949999809,9.993720055,-84.65144348,360.5,12,33,12,46,11.5,,,, 
465,2123,465,71.09999847,50.36000061,980.6399536,7.949999809,9.993718147,-84.65144348,360.1000061,12,33,12,46,11.59375,,,, 
466,2123,466,70.97000122,50.36999893,980.6599731,7.949999809,9.993715286,-84.65144348,359.1000061,12,33,12,46,11.796875,,,, 
467,2123,467,69.83999634,50.36000061,980.789978,7.949999809,9.993715286,-84.65143585,358.2999878,12,33,12,46,11.921875,,,, 
468,2124,468,69.13999939,50.34000015,980.8699951,7.949999809,9.993713379,-84.65143585,357.5,12,33,12,46,12,,,, 
469,2124,469,67.97999573,50.34999847,981.0099487,7.949999809,9.993711472,-84.65143585,356.6999817,12,33,12,46,12.078125,,,, 
470,2124,470,68.15000153,50.36000061,980.9899902,7.949999809,9.993710518,-84.65143585,356,12,33,12,46,12.203125,,,, 
471,2124,471,68.77999878,50.36999893,980.9099731,7.949999809,9.993708611,-84.65143585,355.2999878,12,33,12,46,12.296875,,,, 
472,2124,472,67.77999878,50.34999847,981.0299683,7.949999809,9.993706703,-84.65140533,354.5,12,33,12,46,12.390625,,,, 
473,2124,473,67.37999725,50.36000061,981.0799561,7.949999809,9.993704796,-84.65140533,353.8999939,12,33,12,46,12.5,,,, 
474,2124,474,67.34999847,50.34999847,981.0799561,7.949999809,9.993704796,-84.65140533,353.3999939,12,33,12,46,12.59375,,,, 
475,2124,475,66.01999664,50.34999847,981.2399902,7.949999809,9.993702888,-84.65140533,352.8999939,12,33,12,46,12.703125,,,, 
476,2125,477,64.68999481,50.34999847,981.3899536,7.949999809,9.993700981,-84.65139771,352.1999817,12,33,12,46,12.921875,,,, 
477,2125,478,63.43000031,50.36000061,981.539978,7.949999809,9.993700027,-84.65139771,351.6999817,12,33,12,46,13,,,, 
478,2125,479,62.73999786,50.36999893,981.6199951,7.949999809,9.99369812,-84.65139771,350.7999878,12,33,12,46,13.203125,,,, 
479,2125,480,62.29999924,50.34999847,981.6699829,7.949999809,9.99369812,-84.65137482,350.2999878,12,33,12,46,13.296875,,,, 
480,2125,481,61.50999832,50.36999893,981.7599487,7.949999809,9.99369812,-84.65137482,349.6999817,12,33,12,46,13.390625,,,, 
481,2125,482,61.13999939,50.36000061,981.7999878,7.949999809,9.99369812,-84.65137482,349,12,33,12,46,13.5,,,, 
482,2125,483,60.00999832,50.36999893,981.9400024,7.949999809,9.993697166,-84.65137482,348.1999817,12,33,12,46,13.59375,,,, 
483,2125,484,59.25,50.36999893,982.0299683,7.949999809,9.993697166,-84.65136719,347.5,12,33,12,46,13.703125,,,, 
484,2125,485,58.97999954,50.36000061,982.0599976,7.949999809,9.993695259,-84.65136719,346.7999878,12,33,12,46,13.796875,,,, 
485,2125,486,58.90999985,50.34999847,982.0599976,7.949999809,9.993695259,-84.65136719,345.7999878,12,33,12,46,13.921875,,,, 
486,2126,487,57.75,50.36000061,982.1999512,7.949999809,9.993693352,-84.65135193,344.8999939,12,33,12,46,14,,,, 
487,2126,488,57.18999863,50.36000061,982.2699585,7.949999809,9.993693352,-84.65135193,344.1000061,12,33,12,46,14.078125,,,, 
488,2126,489,56.25999832,50.36999893,982.3699951,7.949999809,9.993693352,-84.65135193,343.3999939,12,33,12,46,14.203125,,,, 
489,2126,490,55.82999802,50.34999847,982.4199829,7.949999809,9.993693352,-84.65133667,342.6000061,12,33,12,46,14.296875,,,, 
490,2126,491,55.52999878,50.34999847,982.4599609,7.949999809,9.993693352,-84.65133667,341.8999939,12,33,12,46,14.390625,,,, 
491,2126,492,54.5399971,50.36999893,982.5700073,7.949999809,9.993692398,-84.65132141,340.2999878,12,33,12,46,14.59375,,,, 
492,2126,493,54.36999893,50.36999893,982.5899658,7.949999809,9.993692398,-84.65132141,339.3999939,12,33,12,46,14.703125,,,, 
493,2126,494,53.84000015,50.36999893,982.6599731,7.949999809,9.993689537,-84.65132141,338.6000061,12,33,12,46,14.796875,,,, 
494,2126,495,53.73999786,50.36000061,982.6699829,7.949999809,9.993689537,-84.65129852,337.7999878,12,33,12,46,14.921875,,,, 
495,2127,496,53.20999908,50.36000061,982.7299805,7.949999809,9.993689537,-84.65129852,337,12,33,12,46,15,,,, 
496,2127,497,52.52000046,50.36999893,982.8099976,7.949999809,9.993689537,-84.65128326,336.2999878,12,33,12,46,15.078125,,,, 
497,2127,498,52.50999832,50.36999893,982.8099976,7.949999809,9.993689537,-84.65128326,335.6999817,12,33,12,46,15.203125,,,, 
498,2127,499,51.18999863,50.36000061,982.9699707,7.949999809,9.993689537,-84.65128326,335.1999817,12,33,12,46,15.296875,,,, 
499,2127,500,50.38999939,50.36999893,983.0599976,7.949999809,9.993689537,-84.65126801,334.6000061,12,33,12,46,15.390625,,,, 
500,2127,501,49.91999817,50.34999847,983.1099854,7.949999809,9.993689537,-84.65126801,334,12,33,12,46,15.5,,,, 
501,2127,502,48.39999771,50.36999893,983.289978,7.949999809,9.993692398,-84.65126801,333.3999939,12,33,12,46,15.59375,,,, 
502,2127,503,48.29999924,50.36999893,983.2999878,7.949999809,9.993692398,-84.65124512,332.8999939,12,33,12,46,15.703125,,,, 
503,2127,504,47.40999985,50.36999893,983.4099731,7.949999809,9.993695259,-84.65124512,331.8999939,12,33,12,46,15.921875,,,, 
504,2128,505,46.64999771,50.36999893,983.5,7.949999809,9.993697166,-84.65123749,331.1999817,12,33,12,46,16,,,, 
505,2128,506,46.77999878,50.37999725,983.4799805,7.949999809,9.993700027,-84.65123749,330.6000061,12,33,12,46,16.078125,,,, 
506,2128,507,46.47999954,50.36999893,983.5099487,7.949999809,9.993700981,-84.65123749,330.1999817,12,33,12,46,16.203125,,,, 
507,2128,508,45.81999969,50.36999893,983.5899658,7.949999809,9.993704796,-84.6512146,329.7999878,12,33,12,46,16.296875,,,, 
508,2128,509,44.25999832,50.36999893,983.7699585,7.949999809,9.993708611,-84.6512146,329.1999817,12,33,12,46,16.390625,,,, 
509,2128,510,43.86000061,50.36000061,983.8200073,7.949999809,9.993711472,-84.6512146,328.6000061,12,33,12,46,16.5,,,, 
510,2128,511,43.12999725,50.34999847,983.9099731,7.949999809,9.993713379,-84.65120697,327.8999939,12,33,12,46,16.59375,,,, 
511,2128,512,40.97999954,50.37999725,984.1599731,7.949999809,9.99371624,-84.65120697,327.1999817,12,33,12,46,16.703125,,,, 
512,2128,513,40.37999725,50.36999893,984.2299805,7.949999809,9.993720055,-84.65120697,326.6000061,12,33,12,46,16.796875,,,, 
513,2129,514,40.45000076,50.34999847,984.2199707,7.949999809,9.993723869,-84.65120697,326,12,33,12,46,16.921875,,,, 
514,2129,515,39.64999771,50.36999893,984.3099976,7.949999809,9.993724823,-84.65119934,325.3999939,12,33,12,46,17,,,, 
515,2129,516,39.02000046,50.36999893,984.3899536,7.949999809,9.993731499,-84.65119934,324.2999878,12,33,12,46,17.203125,,,, 
516,2129,517,39.32999802,50.37999725,984.3499756,7.949999809,9.99373436,-84.65116119,323.6000061,12,33,12,46,17.296875,,,, 
517,2129,518,38.29999924,50.36999893,984.4699707,7.949999809,9.993739128,-84.65116119,323,12,33,12,46,17.390625,,,, 
518,2129,519,37.43000031,50.36999893,984.5700073,7.949999809,9.993740082,-84.65116119,322.1999817,12,33,12,46,17.5,,,, 
519,2129,520,36.66999817,50.36999893,984.6599731,7.949999809,9.993742943,-84.65116119,321.3999939,12,33,12,46,17.59375,,,, 
520,2129,521,36.43999863,50.36999893,984.6900024,7.949999809,9.99374485,-84.65116119,320.6000061,12,33,12,46,17.703125,,,, 
521,2129,522,35.57999802,50.36999893,984.789978,7.949999809,9.993747711,-84.65115356,319.7999878,12,33,12,46,17.796875,,,, 
522,2129,523,35.18000031,50.36999893,984.8299561,7.949999809,9.993749619,-84.65115356,319,12,33,12,46,17.921875,,,, 
523,2130,524,33.32999802,50.36999893,985.0499878,7.949999809,9.993753433,-84.65115356,318.2999878,12,33,12,46,18,,,, 
524,2130,525,33.36000061,50.37999725,985.0499878,7.949999809,9.993755341,-84.65113068,317.6000061,12,33,12,46,18.078125,,,, 
525,2130,526,33.09999847,50.36999893,985.0799561,7.949999809,9.993758202,-84.65113068,317,12,33,12,46,18.203125,,,, 
526,2130,527,32.56999969,50.36999893,985.1399536,7.949999809,9.993760109,-84.65113068,316.5,12,33,12,46,18.296875,,,, 
527,2130,528,32.09999847,50.36999893,985.1900024,7.949999809,9.993765831,-84.65111542,315.5,12,33,12,46,18.5,,,, 
528,2130,529,31.67000008,50.36000061,985.2399902,7.949999809,9.993770599,-84.65111542,314.8999939,12,33,12,46,18.59375,,,, 
529,2130,530,30.21999931,50.36999893,985.4099731,7.949999809,9.99377346,-84.65111542,314.2999878,12,33,12,46,18.703125,,,, 
530,2130,531,29.54999924,50.36999893,985.4899902,7.949999809,9.993776321,-84.65111542,313.5,12,33,12,46,18.796875,,,, 
531,2130,532,28.5,50.37999725,985.6199951,7.949999809,9.993778229,-84.65111542,312.6999817,12,33,12,46,18.921875,,,, 
532,2131,533,28.22999954,50.37999725,985.6499634,7.949999809,9.99378109,-84.65111542,311.6999817,12,33,12,46,19,,,, 
533,2131,534,27.93000031,50.36999893,985.6799927,7.949999809,9.993783951,-84.65110779,310.5,12,33,12,46,19.078125,,,, 
534,2131,535,27.01000023,50.36999893,985.789978,7.949999809,9.993786812,-84.65110779,309.5,12,33,12,46,19.203125,,,, 
535,2131,535,27.01000023,50.36000061,985.8200073,7.949999809,9.993789673,-84.65110779,308.3999939,12,33,12,46,19.296875,,,, 
536,2131,537,26.04999924,50.36999893,985.8999634,7.949999809,9.993793488,-84.65110779,307.3999939,12,33,12,46,19.390625,,,, 
537,2131,538,25.75,50.36999893,985.9400024,7.949999809,9.993794441,-84.65110779,306.6000061,12,33,12,46,19.5,,,, 
538,2131,539,25.78999901,50.37999725,985.9299927,7.949999809,9.993796349,-84.65110779,306.6000061,12,33,12,46,19.59375,,,, 
539,2131,540,23.53999901,50.37999725,986.1999512,8.099999428,9.993800163,-84.65110779,303.6999817,12,33,12,46,19.796875,,,, 
540,2131,541,22.77999878,50.37999725,986.2799683,7.949999809,9.993800163,-84.65110779,302.7999878,12,33,12,46,19.921875,,,, 
541,2132,542,22.40999985,50.36999893,986.3299561,7.949999809,9.993803024,-84.65110779,304,12,33,12,46,20,,,, 
542,2132,543,22.13999939,50.36000061,986.3599854,7.949999809,9.993803024,-84.65110779,304.8999939,12,33,12,46,20.078125,,,, 
543,2132,544,21.52000046,50.37999725,986.4299927,7.949999809,9.993804932,-84.65110779,305.7999878,12,33,12,46,20.203125,,,, 
544,2132,545,20.09000015,50.36999893,986.5999756,7.949999809,9.993806839,-84.65110779,306.5,12,33,12,46,20.296875,,,, 
545,2132,546,18.37999916,50.37999725,986.7999878,7.949999809,9.993806839,-84.65110779,307.1000061,12,33,12,46,20.390625,,,, 
546,2132,547,17.57999992,50.36999893,986.8899536,7.949999809,9.993806839,-84.65110779,307.1999817,12,33,12,46,20.5,,,, 
547,2132,548,16.71999931,50.37999725,986.9899902,7.949999809,9.993804932,-84.65110779,307.1999817,12,33,12,46,20.59375,,,, 
548,2132,549,16.87999916,50.36000061,986.9699707,7.949999809,9.993804932,-84.65110779,307.1999817,12,33,12,46,20.703125,,,, 
549,2132,550,17.54999924,50.36999893,986.8999634,7.949999809,9.993804932,-84.65110779,307.2999878,12,33,12,46,20.796875,,,, 
550,2133,551,16.88999939,50.36999893,986.9699707,7.949999809,9.993803024,-84.65110779,307.2999878,12,33,12,46,20.921875,,,, 
551,2133,552,14.7699995,50.36999893,987.2199707,7.899999619,9.993803024,-84.65110779,307.1999817,12,33,12,46,21,,,, 
552,2133,553,14.93999958,50.36999893,987.1999512,7.949999809,9.993800163,-84.6510849,307,12,33,12,46,21.203125,,,, 
553,2133,554,13.5199995,50.37999725,987.3699951,7.949999809,9.99379921,-84.6510849,306.6000061,12,33,12,46,21.296875,,,, 
554,2133,555,13.18999958,50.37999725,987.4099731,7.949999809,9.99379921,-84.6510849,306.2999878,12,33,12,46,21.390625,,,, 
555,2133,556,12.71999931,50.36999893,987.4599609,7.949999809,9.99379921,-84.6510849,306,12,33,12,46,21.5,,,, 
556,2133,558,11.34000015,50.37999725,987.6199951,7.949999809,9.993793488,-84.6510849,305.2999878,12,33,12,46,21.703125,,,, 
557,2133,559,11.19999981,50.37999725,987.6199951,7.949999809,9.993793488,-84.65107727,304.6999817,12,33,12,46,21.703125,,,, 
558,2133,560,9.949999809,50.36999893,987.789978,7.940000057,9.993784904,-84.65107727,303.1000061,12,33,12,46,22.203125,,,, 
559,2134,564,9.090000153,50.37999725,987.8899536,7.940000057,9.993783951,-84.65107727,302.7999878,12,33,12,46,22.296875,,,, 
560,2134,565,8.5,50.37999725,987.9599609,7.949999809,9.99378109,-84.65107727,302.1999817,12,33,12,46,22.5,,,, 
561,2134,566,9.319999695,50.36999893,987.8599854,8.099999428,9.99378109,-84.65107727,300.1999817,11,33,12,46,24.59375,,,, 
562,2136,586,8.5,50.37999725,987.9599609,7.949999809,9.993778229,-84.65107727,299.7999878,11,33,12,46,24.703125,,,, 
563,2136,587,8.760000229,50.36999893,987.9299927,8.099999428,9.993778229,-84.65107727,299.5,11,33,12,46,24.796875,,,, 
564,2137,588,8.729999542,50.37999725,987.9299927,7.949999809,9.993778229,-84.65107727,299.1999817,11,33,12,46,24.921875,,,, 
565,2137,589,8.829999924,50.37999725,987.9199829,7.949999809,9.993776321,-84.65107727,298.5,11,33,12,46,25.078125,,,, 
566,2137,590,8.88999939,50.36999893,987.9099731,7.949999809,9.993776321,-84.65107727,298.3999939,11,33,12,46,25.203125,,,, 
567,2137,591,8.729999542,50.37999725,987.9299927,7.949999809,9.993776321,-84.65107727,298.1999817,11,33,12,46,25.296875,,,, 
568,2137,592,8.68999958,50.37999725,987.9299927,7.949999809,9.993775368,-84.65107727,298.1000061,11,33,12,46,25.390625,,,, 
569,2137,593,8.659999847,50.36999893,987.9400024,7.940000057,9.993775368,-84.65107727,297.8999939,11,33,12,46,25.5,,,, 
570,2137,594,9.019999504,50.36999893,987.8899536,7.949999809,9.993775368,-84.65107727,297.7999878,11,33,12,46,25.59375,,,, 
571,2137,595,8.859999657,50.36999893,987.9099731,7.949999809,9.99377346,-84.65107727,297.6999817,11,33,12,46,25.703125,,,, 
572,2137,596,8.659999847,50.37999725,987.9400024,7.949999809,9.99377346,-84.65107727,297.5,11,33,12,46,25.796875,,,, 
573,2137,597,8.529999733,50.37999725,987.9499512,7.949999809,9.99377346,-84.65107727,297.1999817,11,33,12,46,25.921875,,,, 
574,2138,598,8.630000114,50.37999725,987.9400024,7.949999809,9.993771553,-84.65107727,297.1000061,11,33,12,46,26,,,, 
575,2138,599,8.559999466,50.37999725,987.9499512,7.949999809,9.993771553,-84.65107727,297,11,33,12,46,26.078125,,,, 
576,2138,600,8.659999847,50.37999725,987.9400024,7.949999809,9.993771553,-84.65107727,296.8999939,11,33,12,46,26.203125,,,, 
577,2138,601,8.989999771,50.36999893,987.8999634,7.949999809,9.993771553,-84.65107727,296.7999878,11,33,12,46,26.390625,,,, 
578,2138,602,8.88999939,50.37999725,987.9099731,7.940000057,9.993771553,-84.65107727,296.7999878,11,33,12,46,26.390625,,,, 
579,2138,603,8.929999352,50.37999725,987.9099731,7.949999809,9.993771553,-84.65107727,296.7999878,11,33,12,46,26.59375,,,, 
580,2138,604,8.729999542,50.37999725,987.9099731,7.949999809,9.993771553,-84.65107727,296.7999878,11,33,12,46,26.703125,,,, 
581,2138,605,8.729999542,50.36999893,987.9099731,7.949999809,9.993771553,-84.65107727,296.7999878,11,33,12,46,26.796875,,,, 
582,2138,606,8.789999962,50.37999725,987.9199829,7.949999809,9.993771553,-84.65107727,296.7999878,11,33,12,46,26.921875,,,, 
583,2139,607,8.989999771,50.36999893,987.8999634,7.949999809,9.993771553,-84.65107727,296.7999878,11,33,12,46,27,,,, 
584,2139,607,8.859999657,50.37999725,987.9199829,8.099999428,9.993771553,-84.65107727,296.7999878,11,33,12,46,27.203125,,,, 
585,2139,610,8.989999771,50.37999725,987.8999634,7.940000057,9.993771553,-84.65107727,296.7999878,11,33,12,46,27.296875,,,, 
586,2139,611,8.699999809,50.37999725,987.9299927,7.949999809,9.993771553,-84.65107727,296.7999878,11,33,12,46,27.390625,,,, 
587,2139,612,8.829999924,50.37999725,987.9199829,7.949999809,9.993771553,-84.65107727,296.7999878,11,33,12,46,27.5,,,, 
588,2139,613,8.929999352,50.37999725,987.9099731,7.949999809,9.993771553,-84.65107727,296.7999878,11,33,12,46,27.59375,,,, 
589,2139,614,8.559999466,50.37999725,987.9499512,7.949999809,9.993771553,-84.65107727,296.7999878,12,33,12,46,27.796875,,,, 
590,2139,615,8.859999657,50.37999725,987.9099731,7.949999809,9.993771553,-84.65107727,296.7999878,12,33,12,46,27.921875,,,, 
591,2140,616,8.829999924,50.37999725,987.9199829,7.949999809,9.993771553,-84.65107727,296.7999878,12,33,12,46,28,,,, 
592,2140,617,8.630000114,50.37999725,987.9400024,7.949999809,9.993771553,-84.65107727,296.7999878,12,33,12,46,28.390625,,,, 
593,2140,621,8.989999771,50.37999725,987.8999634,7.940000057,9.993771553,-84.65107727,296.7999878,12,33,12,46,28.5,,,, 
594,2140,622,8.859999657,50.37999725,987.9099731,8.099999428,9.993771553,-84.65107727,296.7999878,12,33,12,46,28.59375,,,, 
595,2140,623,8.529999733,50.37999725,987.9499512,7.949999809,9.993771553,-84.65107727,296.7999878,12,33,12,46,28.703125,,,, 
596,2140,637,9.019999504,50.37999725,987.9499512,7.949999809,9.993771553,-84.65107727,296.7999878,11,33,12,46,30.203125,,,, 
597,2142,638,8.729999542,50.37999725,987.9299927,7.949999809,9.993771553,-84.65107727,296.7999878,11,33,12,46,30.390625,,,, 
598,2142,639,8.630000114,50.37999725,987.9400024,7.940000057,9.993771553,-84.65107727,296.7999878,11,33,12,46,30.5,,,, 
599,2142,640,8.729999542,50.37999725,987.9299927,7.949999809,9.993771553,-84.65107727,296.7999878,11,33,12,46,30.59375,,,, 
600,2142,641,8.599999428,50.38999939,987.9400024,7.949999809,9.993771553,-84.65107727,296.7999878,11,33,12,46,30.703125,,,, 
601,2142,642,8.729999542,50.37999725,987.9299927,7.949999809,9.993771553,-84.65107727,296.7999878,11,33,12,46,30.796875,,,, 
602,2142,642,8.470000267,50.38999939,987.9599609,7.940000057,9.993771553,-84.65107727,296.7999878,11,33,12,46,30.796875,,,, 
603,2146,675,8.760000229,50.37999725,987.9299927,7.940000057,9.993770599,-84.65107727,296.7999878,11,33,12,46,34.390625,,,, 
604,2146,676,8.960000038,50.37999725,987.8999634,7.940000057,9.993770599,-84.65107727,296.7999878,11,33,12,46,34.5,,,, 
605,2146,677,8.5,50.38999939,987.9599609,7.949999809,9.993770599,-84.65107727,296.7999878,11,33,12,46,34.59375,,,, 
606,2146,678,8.989999771,50.37999725,987.8999634,7.940000057,9.993770599,-84.65107727,296.7999878,11,33,12,46,34.703125,,,, 
607,2146,679,8.989999771,50.37999725,987.8999634,7.949999809,9.993770599,-84.65107727,296.7999878,11,33,12,46,34.796875,,,, 
608,2146,680,8.599999428,50.38999939,987.9400024,7.949999809,9.993770599,-84.65107727,296.7999878,11,33,12,46,34.921875,,,, 
609,2147,681,9.090000153,50.37999725,987.8899536,7.949999809,9.993770599,-84.65107727,296.7999878,11,33,12,46,35,,,, 
610,2147,682,8.630000114,50.38999939,987.9400024,7.940000057,9.993770599,-84.65107727,296.7999878,11,33,12,46,35.078125,,,, 
611,2147,683,8.630000114,50.37999725,987.9400024,7.949999809,9.993770599,-84.65107727,296.7999878,12,33,12,46,35.203125,,,, 
612,2147,684,9.119999886,50.37999725,987.8800049,7.949999809,9.993770599,-84.65107727,296.7999878,11,33,12,46,35.296875,,,, 
613,2147,685,8.829999924,50.37999725,987.9199829,7.940000057,9.993770599,-84.65107727,296.7999878,11,33,12,46,35.390625,,,, 
614,2147,686,8.789999962,50.37999725,987.9199829,7.940000057,9.993770599,-84.65107727,296.7999878,11,33,12,46,35.5,,,, 
615,2147,687,8.929999352,50.37999725,987.9099731,7.949999809,9.993770599,-84.65107727,296.7999878,11,33,12,46,35.59375,,,, 
616,2147,688,8.699999809,50.38999939,987.9299927,7.949999809,9.993770599,-84.65107727,296.7999878,12,33,12,46,35.796875,,,, 
617,2147,689,8.859999657,50.37999725,987.9099731,7.949999809,9.993770599,-84.65107727,296.7999878,12,33,12,46,35.921875,,,, 
618,2148,690,8.929999352,50.37999725,987.9099731,7.940000057,9.993770599,-84.65107727,296.7999878,11,33,12,46,36,,,, 
619,2148,691,8.729999542,50.37999725,987.9299927,7.949999809,9.993770599,-84.65107727,296.7999878,12,33,12,46,36.078125,,,, 
620,2148,692,8.659999847,50.37999725,987.9400024,7.949999809,9.993770599,-84.65107727,296.7999878,11,33,12,46,36.203125,,,, 
621,2148,693,8.630000114,50.37999725,987.9400024,7.949999809,9.993770599,-84.65107727,296.7999878,12,33,12,46,36.296875,,,, 
622,2148,694,8.960000038,50.37999725,987.8999634,7.940000057,9.993770599,-84.65107727,296.7999878,12,33,12,46,36.390625,,,, 
623,2148,695,8.529999733,50.38999939,987.9499512,7.949999809,9.993770599,-84.65107727,296.7999878,12,33,12,46,36.703125,,,, 
624,2148,698,8.630000114,50.38999939,987.9400024,7.949999809,9.993770599,-84.65107727,296.7999878,12,33,12,46,36.796875,,,, 
625,2149,699,8.88999939,50.37999725,987.9099731,7.949999809,9.993770599,-84.65107727,296.7999878,12,33,12,46,36.921875,,,, 
626,2149,796,8.859999657,50.37999725,987.9099731,8.090000153,9.993770599,-84.65107727,296.7999878,11,33,12,46,47.390625,,,, 
627,2159,797,9.059999466,50.37999725,987.8899536,7.940000057,9.993770599,-84.65107727,296.7999878,11,33,12,46,47.5,,,, 
